hello,gello,"khello@yo.com",1
hello,gello,"khello@yo.com",1
hello,gello,"khello@yo.com",1
hello,gello,"khello@yo.com",1
hello,gello,"khello@yo.com",1
hello,gello,"khello@yo.com",1
hello,gello,"khello@yo.com",1
hello,gello,"khello@yo.com",1
hello,gello,"khello@yo.com",1
hello,gello,"khello@yo.com",1
hello,gello,"khello@yo.com",1
hello,gello,"khello@yo.com",1
hello,gello,"khello@yo.com",1
hello,gello,"khello@yo.com",1
hello,gello,"khello@yo.com",1
hello,gello,"khello@yo.com",1
hello,gello,"khello@yo.com",1
hello,gello,"khello@yo.com",1
hello,gello,"khello@yo.com",1
hello,gello,"khello@yo.com",1
hello,gello,"khello@yo.com",1
hello,gello,"khello@yo.com",1
hello,gello,"khello@yo.com",1
hello,gello,"khello@yo.com",1
