hello,hello,test@xml.com,false
hello,hello,test@xml.com,false
hello,hello,test@xml.com,false
hello,hello,test@xml.com,false
hello,hello,test@xml.com,false
hello,hello,test@xml.com,false
hello,hello,test@xml.com,false
hello,hello,test@xml.com,false
hello,hello,test@xml.com,false
hello,hello,test@xml.com,false
hello,hello,test@xml.com,false
hello,hello,test@xml.com,false
hello,hello,test@xml.com,false
hello,hello,test@xml.com,false
hello,hello,test@xml.com,false
hello,hello,test@xml.com,false
hello,hello,test@xml.com,false
hello,hello,test@xml.com,false
hello,hello,test@xml.com,false
hello,hello,test@xml.com,false
hello,hello,test@xml.com,false
hello,hello,test@xml.com,false
hello,hello,test@xml.com,false
hello,hello,test@xml.com,false
